epoch,accuracy,f1_score,loss,precision,recall,val_accuracy,val_f1_score,val_loss,val_precision,val_recall
0,0.9186875224113464,0.17185235023498535,0.27096855640411377,0.9919999837875366,0.09419171512126923,0.9624999761581421,0.17962802946567535,0.12701988220214844,1.0,0.09867855161428452
1,0.9659166932106018,0.17999400198459625,0.11143855005502701,1.0,0.0988980084657669,0.968500018119812,0.18031343817710876,0.10345911979675293,1.0,0.0990913137793541
2,0.9762916564941406,0.1807568520307541,0.07583726197481155,1.0,0.09935835748910904,0.9736666679382324,0.18086905777454376,0.08975107967853546,1.0,0.09942653030157089
3,0.9807708263397217,0.18100856244564056,0.06035543978214264,1.0,0.09951042383909225,0.971833348274231,0.18097898364067078,0.09295654296875,1.0,0.09949300438165665
4,0.9851874709129333,0.18126383423805237,0.046562470495700836,1.0,0.0996645838022232,0.9789999723434448,0.18119922280311584,0.07295984774827957,1.0,0.09962601214647293
